EVI-Pro ID,string
1,Block 48 Retail strip mall  2019
2,Block 48 Retail stand alone  2019
3,Block 48 Retail quick service restaurant 1 of 2 2019
4,Block 51 Retail quick service restaurant  2020
5,Block 51 Retail full restaurant  2020
6,Block 51 Retail strip mall  2020
7,Block 51 Retail stand alone  2020
8,Block 49 Office 2033
9,Block 48 Retail quick service restaurant 2 of 2 2019
10,Block 52 Retail stand alone 2 of 2 2022
11,Block 52 Retail strip mall  2022
12,Block 15 Retail strip mall  2021
13,Block 6 Retail quick service restaurant  2021
14,Block 52 Retail stand alone 1 of 2 2022
15,Block 5 Retail strip mall  2019
16,Block 40a Low Density Residential 2 of 2 2018
17,Block 38a Low Density Residential 1 of 3 2033
18,Block 38b Low Density Residential 2 of 4 2033
19,Block 38b Low Density Residential 4 of 4 2033
20,Block 39b Office  2030
21,Block 39a Office  2030
22,Block 20 Low Density Residential 2 of 6 2017
23,Block 20 Low Density Residential 4 of 6 2017
24,Block 20 Low Density Residential 5 of 6 2022
25,Block 40a Low Density Residential 1 of 2 2018
26,Block 40b Low Density Residential 2 of 2 2018
27,Block 40b Low Density Residential 1 of 2 2018
28,Block 31 Office 2 of 4 2024
29,Block 22 Office 1 of 3 2020
30,Block 31 Office 1 of 4 2024
31,Block 30 Office 2 of 2 2019
32,Block 30 Office 1 of 2 2019
33,Block 22 Office 3 of 3 2023
34,Block 38b Low Density Residential 3 of 4 2033
35,Block 38b Low Density Residential 1 of 4 2033
36,Block 38a Low Density Residential 2 of 3 2033
37,Block 1 Office 1 of 2 2030
38,Block 24 Office  2033
39,Block 38a Low Density Residential 3 of 3 2033
40,Block 14 Hotel  2017
41,Block 20 Low Density Residential 3 of 6 2017
42,Block 20 Low Density Residential 6 of 6 2022
43,Block 1 Office 2 of 2 2030
44,Block 3 Office  2020
45,Block 14 Office  2017
46,Block 6 Hotel  2021
47,Block 5 Office  2019
48,Block 16 High Density Residential  2021
49,Block 15 High Density Residential  2021
50,Block 20 Low Density Residential 1 of 6 2017
51,Block 54 Office  2033
52,Block 53 Office  2025
53,Block 53 Retail full restaurant  2025
54,Block 53 Retail strip mall  2025
55,Block 55 Retail stand alone  2018
56,Block 46 Office  2018
57,Block 43b High Density Residential  2024
58,Block 54 Retail stand alone  2033
59,Block 54 Retail strip mall  2033
60,Block 43b High Density Residential  2025
61,Block 56 Retail quick service restaurant 1 of 2 2018
62,Block 47 Retail quick service restaurant  2018
63,Block 56 Retail stand alone  2018
64,Block 56 Retail quick service restaurant 2 of 2 2018
65,Block 55 Retail quick service restaurant  2018
66,Block 55 Retail strip mall  2018
67,Block 32 High Density Residential 2 of 2 2022
68,Block 41a High Density Residential  2023
69,Block 23 Low Density Residential 3 of 4 2019
70,Block 22 Office 2 of 3 2023
71,Block 31 Office 3 of 4 2026
72,Block 31 Office 4 of 4 2026
73,Block 33 High Density Residential  2024
74,Block 33 High Density Residential  2025
75,Block 42 High Density Residential  2025
76,Block 42 High Density Residential  2024
77,Block 41b High Density Residential  2023
78,Block 32 High Density Residential 1 of 2 2022
79,Block 45 For Sale Residential 2 of 2 2029
80,Block 44 For Sale Residential  2026
81,Block 43a High Density Residential  2024
82,Block 47 Retail stand alone  2018
83,Block 45 For Sale Residential 1 of 2 2029
84,Block 43a High Density Residential  2025
85,Block 17 Low Density Residential 2 of 2 2021
86,Block 17 Hotel  2020
87,Block 7 Office 2 of 2 2024
88,Block 23 Low Density Residential 1 of 4 2019
89,Block 7 Office 1 of 2 2022
90,Block 17 Low Density Residential 1 of 2 2021
91,Block 18 Low Density Residential 2 of 2 2024
92,Block 8 Office 2 of 3 2029
93,Block 8 Office 3 of 3 2029
94,Block 8 Office 1 of 3 2029
95,Block 23 Low Density Residential 2 of 4 2019
96,Block 23 Low Density Residential 4 of 4 2019
97,Block 35 For Sale Residential 1 of 2 2029
98,Block 35 For Sale Residential 2 of 2 2030
99,Block 34 For Sale Residential  2026
100,Block 11 Retail strip mall  2018
101,Block 37 Retail strip mall  2025
102,Block 18 Low Density Residential 1 of 2 2024
103,Block 14 Retail full restaurant  2017
